Name - original,Album,Audio,Cords,Instru,Language,Learn?,Link,Lyrics,Name - EN,Name - ZW,Singer,Status,Top
?) O wawa no Pangcah kami,,,No,No,Amis,Yes,https://www.youtube.com/watch?v=QLlZ66jsOz8&list=PLxeRlhNjfFnkkgFi7KxFYZD_JfJ1fzsmx&index=2,"o folad ato ya fo'is toya lafii
yo cima ko mafana'ay o wawa no pakoyoc kako
sensen hanako kamo toya lafii
yo cima ko mafana'ay o wawa no pakayoc kako
o folad ato ya fo'is toya lafii
yo cima ko mafana'ay o wawa no pangcah kami
sensen hanako kamo toya lafii
yo cima ko mafana'ay o wawa no pangcah kami",,"我只是個窮人家的小孩 （第一段）
我是個阿美族的小孩 （後面的）",Celalaq Tuljaljuy,In progress,No
*結實纍纍的稻穗,,%E4%BB%A5%E8%8E%89%E9%AB%98%E9%9C%B2__%E7%B5%90%E5%AF%A6%E7%BA%8D%E7%BA%8D%E7%9A%84%E7%A8%BB%E7%A9%97.mp3,No,No,Amis,Yes,https://www.youtube.com/watch?v=12TZEsHvWQc,"Yo fali no safalat
O nidadimaway ci ina
Aka kamangic ha wawa
Aka katalaw ha wawa
Nengneng han na panay
Fahal san malufic
Ringring sa ko dadayday
Hato ngiha san ni ama
Dipoten to ko tireng
Hadimelen to ko rakat
Nengneng han na panay
Fahal san malufic",,,以莉·高露,In progress,No
Pasiwali,,,No,No,Amis,Yes,,"Nengneng pasiwali yo sadak sa ko cidal.
Lomowad yo sa to kako, ano papacem to ha ina.
Yo nalomowad yo sa to kako, lina, ama, salikaka mapolong.
Dipoteng to ko tireng namo,aka to piharateng to tireng ako.
Hi ye yan,hi yo yan. Hi ye yan,nalowan yan.",,東,,In progress,No
,,,No,No,Vietnamese,No,,"(0.27) Dưới cơn mưa phùn nhẹ có hai kẻ khờ chen xe lướt nhanh.
Lách len qua dòng người vẫn đang ghì chặt tay ga lăn bánh
Gấp phanh nơi đèn đường đếm tay chờ còn ba giây đến xanh
Và em nói yêu anh...

Bờ vai của anh là nơi mà em thấy yên bình nhất.
Em muốn nương tựa vào anh từ nay về sau mãi mãi.
Choàng tay khẽ ôm từ sau làn hơi ấm tan vào nhau
Em muốn nương tựa vào anh từ nay về sau mãi mãi.
Giữa đại lộ Đông Tây, có mình cầm đôi tay
Giữa đại lộ Đông Tây, ei ei x2

Ánh trăng trên bầu trời nép sau đèn đường như em nép anh
Hát vu vơ bềnh bồng mấy câu chẳng đầu không đuôi em viết
Là la la là là lắng nghe nhịp đập con tim lướt nhanh
Từ câu hát yêu anh... yeah --> #2

Trái Đất vẫn cứ xoay cuộc đời mai đây chẳng biết thế nào
Nhưng em vẫn mong mình mãi như thế này
Vẫn sẽ mãi nắm tay mặc kệ trời mây có thay có đổi
Nhưng em vẫn mong mình mãi như thế thôi --> #2",,,,,No
Slow Mo,,,No,No,Vietnamese,No,,,,,,,No
ngadan,,,No,No,Paiwan,No,https://www.youtube.com/watch?v=vbBjDL5soaw&list=RDTYO5-6j4VhM&index=2,,,名字,Dremedreman 曾妮,,No
???,,,No,No,Mandarin,No,,"夜晚的角落裡 迴響了聲音
他眨著眼睛
月亮也特別安靜 彎著身傾聽
海上的秘密 漂流的人啊
今年的十二月冬季 每天都下雨
海浪緩緩地拍著 小船的身體
搖晃的頻率 他墜入夢裡
在夢中 人們勸他別再找尋
更多人早已忘了他姓名
但他仍逆風往深海航行
他說死在海上或許也不錯
在夢中 人們勸他別再找尋
更多人早已忘了他姓名
但他仍逆著風往深海航行
安靜地死在海上也不錯",,,,,No
???,,,No,No,Mandarin,No,,"大風吹著誰 誰就倒楣
每個人都想當鬼
都一樣的下賤
哭啊 喊啊 叫你媽媽帶你去買玩具啊
快 快拿到學校炫耀吧 孩子 交點朋友吧
哎呀呀 你看你手上拿的是什麼啊
那東西我們早就不屑啦 哈哈哈
哈
一樣又醉了 一樣又掉眼淚
一樣的屈辱 一樣的感覺
怪罪給時間 它給了起點
怪罪給時間 它給了終點
哭啊 喊啊 叫你媽媽帶你去買玩具啊
快 快拿到學校炫耀吧 孩子 交點朋友吧
哎呀呀 你看你手上拿的是什麼啊
那東西我們早就不屑啦 哈哈哈",,,,,No
In dafo+,,,No,No,Taigi,No,,"人生無定著 世事歹按算
反身的 chance 有抑無
落塗八字命 隨人好額散
夠力的 back 有抑無
有地 有天 有星 有日月
有破厝 有田路 有草仔花
有目 有耳 有鼻 有舌
有這身情義 有知己
如夢幻 如泡影
如露 亦如電
如夢幻 如泡影
如露 亦如電
無地 無天 無星 無日月
無厝 無田路 無草仔花
無看兮 無聽兮 無鼻兮 無啖兮
無空思夢想 無代誌
歕風一喙菸
lighter 火隨化
菸頭菸屎 有抑無
菸味粉味 有抑無",,,,,No
???,,,No,No,Mandarin,No,,"乘風破浪航向大世界
予海鳥帶領咱的夢
大船是厝 天地為家
一呼百應作陣行
乘風破浪航向大世界
予海鳥帶領咱的夢
袂爽就反 路家己開
群策群力作夥拼
一呼百應作陣行！",,,,,No
https://www.youtube.com/watch?v=84X56J6jJ4o,,,No,No,Taigi,No,,"彼一年 寒冷的冬天 寒流来的时 彼一暝
伊对梦中雄雄惊醒
靴管笼落去 袄仔幔落去
欲去海边巡鱼池
伊讲 伊的虱目鱼 拢无臭土味 真值钱
但是上惊这款天气
若是小可无注意 今年就免想过年
伊怨叹 客厅内 归暗看电视
月初嘟退伍的囝儿
叫伊斗阵去 伊嘛无愿意
因为粗重的头路伊无趣味
伊讲 无论虱目鱼 世界好滋味 有外甜
嘛是乎人嫌相多幼刺
青春少年时 就爱靠家己
惦庄脚所在赚袂着钱
伊才会 决定愈离开 决定飞上天 去城市
不管序大人按怎好嘴
伊欲赚鱼翅 无爱捡鱼刺
为着将来赚大钱 只要将来赚大钱
管汰伊 阿爸的虱目鱼
彼一年 彼场风台雨 淹过彼条路 彼下晡
伊向天公伯叹一口气
不听别人的阻止 铁马骑出去
欲去巡鱼池
伊讲 伊的虱目鱼 真用心来饲 当值钱
偏偏遇到这款天气
如今水拢加淹去 满街路四界拢是
伊怨叹 伊家己 为着虱目鱼
连后生拢赶赶出去
只剩一个人 行到水池边
面前的一切也已经拢无意义
伊讲 无论虱目鱼 世界好滋味 有外甜
嘛是需要顶面的支持
饲料彼呢贵 又搁歹景气
渔会的政策拢荒废
伊看见 水淹彼呢淀 四界拢嘛是
伊的鱼 亲像是开嘴咧叫伊
叫伊紧放弃 叫伊紧返去
伊讲伊有听见
伊讲伊有看见 彼暝的 梦中的虱目鱼
听讲 彼暗的电视
拢有报到伊 的名字
无人知最后伊流去叨位
新闻足讽刺 画面足趣味
有人惦马路块捞鱼
伊彼个 城市的后生
警察来通知彼当时
饮茫茫惦路边甲人相争
伊讲虱目鱼 其实拢无刺
人讲伊已经醉 伊讲伊无骗你
虱目鱼 原本是 伊的名字",,,蕭煌奇,,No
Singing in the rain,,,No,No,English,Yes,,"I'm singing in the rain, just singin' in the rain
What a glorious feeling, I'm happy again
I'm laughing at clouds so dark up above
The sun's in my heart and I'm ready for love
Let the stormy clouds chase everyone from the place
Come on with the rain, I've a smile on my face
I walk down the lane with a happy refrain
Just singin', singin' in the rain
Dancing in the rain, I'm happy again
I'm singin' and dancing in the rain x2",,,,,No
家後,,,No,No,Taigi,Yes,,"有一日咱若老 找無人甲咱友孝
我會陪你 坐惦椅寮 聽你講少年的時陣 你多緣投
吃好吃醜無計較 怨天怨地嘛袂曉
你的手 我會甲你牽條條 因為我是你的家後
阮將青春嫁置恁兜 阮對少年跟你跟甲老
人情世事已經看透透 有啥人比你卡重要
阮的一生獻乎恁兜 才知幸福是吵吵鬧鬧
等待返去的時陣若到 我會讓你先走
因為我會嘸甘 放你 為我目屎流
有一日咱若老 有媳婦子兒友孝
你若無聊 拿咱的相片 看卡早結婚的時陣 你外緣投
穿好穿醜無計較 怪東怪西嘛袂曉
你的心 我會永遠記條條 因為我是你的家後",,,,,No
Icowa ko lalan,Suming,Suming_%25E8%2588%2592%25E7%25B1%25B3%25E6%2581%25A9I_cowa_ko_lalan_%25E8%25B7%25AF%25E5%259C%25A8%25E5%2593%25AA%25E8%25A3%25A1%25E6%25BC%25A2%25E6%2596%2587%25E7%25A9%25BA%25E8%2580%25B3%25E6%25AD%258C%25E8%25A9%259E.mp3,No,No,Amis,Yes,https://www.youtube.com/watch?v=7tWS31tLvPM,"O kami kaemangay miliyas to niyaro’
Caay ka siwala kami to demak no niyaro‘ maemin.
Halafinto matayal awa ko nika laheci.
Ira ko papasifana to ka cipinangan ako.

Icowa ko lalan sakohalaten ako.
Icowa ko lalan nanay ira ko papasifana.

Ho i ya ho i ya ho wai ya na 
kitakapah saicelen.
Ho i ya ho i ya ha o wai ha yan 
naonen ko demak ato tireng.
Ho i ya ho i ya ho wai ya na 
aka lalaw ko pinangan.
Ho i ya ho i ya ha o wai ha yan 
mahmek ko finawlan tisowanan sowanan.

Ho i yan ho i ya o wai yan na ha wo wai ya yan ha wo wai yan
x3",,路在哪裡,Suming 舒米恩,In progress,No
Aka pisawad,,,No,No,Amis,Yes,,"Yatato'eman i, hakowa ko pitala isoAdada ko faloco, terep han hokiya mihai konini a dmakAno tala'ayaw, mafohat ko lalan a misi'ayawAno tala'ayaw, tatiih to, fancal to, sahto nga'ayayAka sawaden ko tilengO olip caay ka mi liyaw patatikolYatato'eman i, hakowa ko pitala isoAdada ko faloco, terep han hokiya mihai konini a dmakAno tala'ayaw, mafohat ko lalan a misi'ayawAno tala'ayaw, tatiih to, fancal to, sahto nga'ayayAka sawaden ko tilengO olip caay ka mi liyaw patatikolAno tala'ayaw, mafohat ko lalan a misi'ayawAno tala'ayaw, tatiih to, fancal to, sahto nga'ayayAka sawaden ko tilengO olip caay ka mi liyaw patatikolO olip caay ka mi liyaw patatikol",,不要放棄,Suming 舒米恩,In progress,No
Kasasetek no mita,Suming,Suming_%25E8%2588%2592%25E7%25B1%25B3%25E6%2581%25A9_Kasasetek_no_mita_%25E6%2588%2591%25E5%2580%2591%25E7%259A%2584%25E7%25B4%2584%25E5%25AE%259A_%25E6%25BC%25A2%25E6%2596%2587%25E7%25A9%25BA%25E8%2580%25B3%25E6%25AD%258C%25E8%25A9%259E.mp3,No,No,Amis,No,https://www.youtube.com/watch?v=-W-2EoTW0K0,"Yo c cay kako a romakat itila i lawac sa no liya , miclem to koya cidal
Idangaw ,o soni no tapelik hato ngiha iso mitapal mahalateng ngako kiso
Aka tawalan ko ya kasasetek no kasasowal nomita naonen ko tileng iso
Talaen kako tangasa i pinokayan nako a romiad , mala ccay to ko kita
a hoiyan ho iya o way i yanna iyeyan iyeyan
a hoiyan ho iya o way i yanna iyeyan iyeyan
Aka tawalan ko ya kasasetek no kasasowal nomita naonen ko tileng iso
Talaen kako tangasa i pinokayan nako a romiad, mala ccay to ko kita
a hoiyan ho iya o way i yanna iyeyan iyeyan
a hoiyan ho iya o way i yanna iyeyan iyeyan
ho~ ihya oh~ hiya woo~
a hoiyan ho iya o way i yanna iyeyan iyeyan x7",,我們的約定,Suming 舒米恩,In progress,No
Mamalakowit,,Mamalakowit_%25E9%2583%25BD%25E5%25B0%2587%25E9%2581%258E%25E5%258E%25BB.mp3,No,No,Amis,No,https://www.youtube.com/watch?v=dvMr76t95Rg&list=OLAK5uy_mW1M4U8PGbgIZ5WbiQd7ufZesKDSbgkrE&index=10,"A~ pasiwali kako
Minengneng to riyal
Sapatere sa ko halateng ako
A~ ma'araw ako
Makapahay hana
Mahalateng kalacafay ita
Akaka to kararom
Akaka 'isang
Mamalakowit konini a maemin.
Salimelaen ita
Kona romi'ad
Mamalakowit konini maemin",,都將過去,Suming 舒米恩,,No
阿米斯,Amis 阿米斯,,No,No,Amis,No,https://www.youtube.com/watch?v=5pam-KLnqHU,"O Amis hananay a tamdaw
Sahtoay o komeceday
O ci 'icelay ko tatirengan
O komaenay to tatokem ato sama'
awaay ko sasowalen to Amis
aka tawalen no mita ko liteng liteng
o mipahafayay to 'orip no mita",Amis,阿米斯,Suming 舒米恩,,No
約翰淑敏,Amis 阿米斯,,No,No,Amis,No,https://www.youtube.com/watch?v=iHo5171qXTo,"Aka walinay ko atol no niyam
Naonen, adihay ko fakloh i tini
Keliden nako kiso mitaliyok
Kako koya ci john suming hananay
Wuwa radiw kita Wuwa keru kita Wuwa lawla kita Malaccay maemin kita
Wuwa radiw kita Wuwa keru kita Wuwa～
Na i cowaay kiso a taini
Wuwayaw～, kafahalan maaraw kiso
Makapahay ko niyaro'no niyam
Nanay, malemed ko ka taini iso
Wuwa radiw kita Wuwa keru kita Wuwa lawla kita
Malaccay maemin kita
Wuwa radiw kita Wuwa keru kita Wuwa～
Wu wa wu wa hay yan Ho wu wa hay yan
Ho a yi yan ho o hay yo in ho i yan
Wu wa wu wa hay yan Ho wu wa hay yan
Ho a yi yan ho o hay yo in ho i yan",John Suming,約翰淑敏,Suming 舒米恩,,No
賽德克女孩,Amis 阿米斯,,No,No,Amis,No,https://www.youtube.com/watch?v=nLT7pJPeym4,"Ina ama aw, ina ama aw,
Maolahay kako to wawa no ta'o.
Aka pilalang, aka pisimsim,
Palemeden kako, paicelen kako.
Salikaka aw, Salikaka aw,
Maolahay kako to wawa no ta'o.
Aka kacekok, aka kafahal,
Palemeden kako, paicelen kako.
Iraw, tengilen ko radiw ila, O kasapaan a fafahiyan.
Maolahay kako cinraan, Ina ama aw (Salikaka aw)
Li mui so la li mui yo Li mui so la li mui yo
Li mui so la li mui yo Li mui so la li mui yo",,賽德克女孩,Suming 舒米恩,,No
遠洋,Amis 阿米斯,,No,No,Amis,No,https://www.youtube.com/watch?v=4ILd-sxWxMg,"a ha i yan na ha i ye hay ya o ha i yan
Ha i yo o wan ha i yan na i yo i ye
Yo kaemangho kako i Mangalay saka lah
Minanay to saka tayalaw
Yo lomahad to kako i Mitilid to i kongkoan
Misaicel saka ci taneng
Yo malahitay to kako i Misetek faloco ako
Sapikalicaw to tamina
Yo matayal i tamina Liyasen to ko niyaro'
Tayla maraayay mifoting
O a ha i yan na ha i ye O ay ya o ha i ye i yan
Ha i yo o wan ha i yan na i yo i ye
Malolay i pafotingngan Maedeng a samaanen
Sakalomahad nikamaro'
O a ha i yan na ha i ye O ay ya o ha i ye i yan
Ha i yo o wan ha i yan na i yo i ye",,遠洋,Suming 舒米恩,,No
Fali,Amis 阿米斯,,No,No,Amis,No,https://www.youtube.com/watch?v=EYi6L7JvmgU,"O fali paluwaday to tapelik O fali mifiyokay to tahefod
O fali miiyofay to kalokilang O fali, O fali~
O fali ngaay sapafali to panay O fali ngaay sapi icang to riko`
O fali sakasaemel no lomia`d O fali, O fali~
He ya hay ya i ya ho i yo yan He yan ha he yan
Ho o han hay ya i ya ho i yo yan He yan ha he yan
He ya i yo yan he ya i yo yan He yan ha he yan
Ho o han hay ya i ya ho i yo yan He yan ha he yan",Wind,風,Suming 舒米恩,,No
https://www.youtube.com/watch?v=DkU4W9MKRVw,Amis 阿米斯,,No,No,Amis,No,https://www.youtube.com/watch?v=z7ElEmIYww4,"I fahal maa'law kisowanan
Salipahak sa ko faloco'
Kahemekan malacafay kita
Mihonanay kako, caayto ka laliyas kita toromia'mia'd
O pisin iso hato ya hanaay
O tawa iso hato ya cidalay
Kahemekan malacafay kita
Sanay ko halateng ako
Maolahay kako tisowanan",I love you,我愛你,,,No
Mahalateng,Suming,Suming_%25E8%2588%2592%25E7%25B1%25B3%25E6%2581%25A9_Mahalateng_%25E6%2588%2591%25E5%25BF%2583%25E6%2589%2580%25E5%25B1%25AC_%25E6%25BC%25A2%25E6%2596%2587%25E7%25A9%25BA%25E8%2580%25B3%25E6%25AD%258C%25E8%25A9%259E.mp3,No,No,Amis,No,https://www.youtube.com/watch?v=hpMZP9tt6Q4,"Palo no kapang ako adihay mihawikidan na i luma.
Mahalateng adihay ko kahemeken a dmak i keamang ho.
Neng han ko cidal, oyanan to cay ka falic.
Hapinang han ako, oyanan to kako.
Makesem kako i, mahalateng ako ko kiso.
O luma, o omah, o liyal, o kaput, o mamu
Mahmek kako i, mahalateng ako ko kiso.
Palo no kapang ako adihay mihawikidan na i luma.
Mahalateng adihay ko kahemeken a dmak i keamang ho.
Neng han ko cidal, oyanan to cay ka falic.
Hapinang han ako, oyanan to kako.
Makesem kako i, mahalateng ako ko kiso.
O luma, o omah, o liyal, o kaput, o mamu
Mahmek kako i, mahalateng ako ko kiso.
O ina, o ama, o dateng, o hana, o lutok, o tukus, o lalan
Mahmek kako i,
mahalateng ako ko kiso.
ko kiso~ko kiso~",,我心所屬,Suming 舒米恩,,No
Kayoing,Suming,,No,No,Amis,No,https://www.youtube.com/watch?v=orSJMt7fUgk,,,美少女,Suming 舒米恩,,No
Kapah,Suming,,No,No,Amis,No,https://www.youtube.com/watch?v=kX6RWEoaR3M,,,年輕人,Suming 舒米恩,,No
Tonfor,,,No,No,Amis,No,https://www.youtube.com/watch?v=zVQrB_AqZX0,"tatoyhan ako koya tangfur ni ina, tayla i posong kako.
mahoni ko tangfur a romakat, ko tangfur tang~
makapahay ko romiad anini, malokelon nanitokos.
romadiw tono amis a radiw, koradiw tang~
maaraw ako ko sama' ato tatokem,
dateng hananay no mako.
alaen sapatelong kisowanan, kodateng tang~
ano maosoy kako a tahila, hay ya talaen haw.
maanen adihayay ko mialaen, a dateng tang~

wo a i yan, a i yan na ha wo way yo ha i yan, wo wa i yan na
hi ya o ha i yan, wo a i yan
wo wan na o ha i yan
hi ya o ha i yan
wo a i yan, a i yan na ha wo way yo ha i yan, wo wa i yan na
hi ya o ha i yan, wo a i yan
hi ya o ha i yan
hi ya o ha i yan
wo a i yan, a i yan na ha wo way yo ha i yan, wo wa i yan na
hi ya o ha i yan, wo a i yan
wo wan na o ha i yan
hi ya o ha i yan",,鈴鐺,Suming 舒米恩,,No
潤少專屬,,%25E6%25BD%25A4%25E5%25B0%2591%25E6%25BD%25A4%25E5%25B0%2591%25E5%25B0%2588%25E5%25B1%25ACOfficial_Music_Video.mp3,No,No,Taigi,No,https://www.youtube.com/watch?v=xnEhT-B6RoI,"（DJ小庭）
（如果你感到很High）
（把你的手舉起來）
如果你感到很High
把你的手舉起來
FIRE
不過吃個飯 哈尼你穿這麼少干會看
（早安潤少哥 今天穿這樣干會使）
我點頭 我尚愛 走路屁股還會晃
要求很少說不要 說不要那就算了
這是我的南部Club姐妹一起搖落搖落搖
要找我的蛇 所以在我身上摸呀摸
這邊摸呀摸呀摸啊那邊摸呀摸呀摸
去年讓你摸是我賺到 今年怎麼算都不合
較暗就再換一個 見面看有沒有速配
你娘把你生的這麼水就別在那結一塊
這個不錯 我 留起來 明天再擱來
這個太醜 喔拍謝 我家瓦斯沒關
昨晚都說的山盟海誓天亮就說昨晚拍謝拍謝
（哼 不用在那邊 早就知道你的壞）
（落搖）
我的南部Club姐妹一起搖落搖落搖
（這邊蛇勒蛇勒蛇 啊那邊蛇勒蛇勒蛇）
我的南部Club姐妹一起搖落搖落搖
（這邊蛇勒蛇勒蛇 啊那邊蛇勒蛇勒蛇）
DJ小庭
我從鄉下來 還不太會去看臉色
人家若說什麼要搞什麼事 常常我衝第一
老母每天都怕我去學壞
好的不學 壞的學很快
愛說謊話 騙說我會改
改到現在 永康我最壞
Oh ya
里長放送 里長放送 今天誰要跟我吃飯
跟我吃飯 算你好運 看要珍奶還是要臭豆腐
你邊吃臭豆腐邊讓我吃豆腐
吃完再看要去哪舞 當里長的感覺太有
晚點就再換一個 見面看有沒有速配
你娘把你生的這麼水就別在那結一塊
這個不錯 我 留起來 明天再來
這個太醜 喔拍謝 我家瓦斯沒關
昨晚都說的山盟海誓天亮就說昨晚拍謝拍謝
（哼 不用在那邊 早就知道你壞壞）
我的南部Club姐妹一起搖落搖落搖
（這邊蛇勒蛇勒蛇 啊那邊蛇勒蛇勒蛇）
我的南部Club姐妹一起搖落搖落搖
（這邊蛇勒蛇勒蛇 啊那邊蛇勒蛇勒蛇）
我的南部Club姐妹一起搖落搖落搖
（這邊蛇勒蛇勒蛇 啊那邊蛇勒蛇勒蛇）
我的南部Club姐妹一起搖落搖落搖
我的南部Club 直 直直衝
我的南部Club 直 直直衝",,,潤少,,No
回到原點,,,No,No,Mandarin,Yes,,"老人家問我 問我要不要回家
你為什麼離天空越來越遠
和時間拚命也是一天 閉上眼睛也是一天
得過且過的有什麼不對
搞不定的先算了吧 那些不是我的機會
要是讓我再少個十歲 做夢容易一些

夜 越來越黑 霓虹比星空還刺眼
是不是 一點一點忘記我是誰 yo~oh~
累 越想越累 天亮之前再睡一會
醒來後 一天一天把昨天銷毀 yo~oh~
人總是現實裡滾了一圈 又回到原點
（嗚哇哇~又回到原點 yo~oh~）x2

我也問自己 到底要不要回家
回家鄉生活 追錯過的改變
放下手機讓它沒電 大力呼吸海的氣味
這樣很reggae你說對不對
我想那就先這樣吧 不是一定要很賺錢
反正等我再老個十歲誰記得我是誰

*

沒冷氣不能活的夏天 計程車追不上的時間
也許 未來會有一天也會是我想念的 畫面

*",,,Matzka,In progress,No
*senai,Amis 阿米斯,,No,No,Amis,Yes,https://www.youtube.com/watch?v=lRc10A2qrxY&list=PL1vqthnP9_mE5C1I07IlQg7CJ8zMsg2gu,"Senay senay sa ko losa’
O losa’ iso haw kaka
Yo naikor nahan no miso i takowanan
Hay ya haraten iso kaka
*
Senay senay sa ku losa’
O losa’ iso haw kaka
Yo naikor nahan no miso i takowanan
Hay ya haraten iso kaka",,思念,,,No
海洋,,,No,No,Mandarin,No,https://www.youtube.com/watch?v=YQ3rLf6raCc,"選擇在晴空萬里的這一天
我背著釣竿獨自走到了東海岸
徜徉在海邊享受大自然的清新
忘卻所有的煩憂心情放得好輕鬆

雲兒在天上飄
鳥兒在空中飛
魚兒在水裡游

依偎在碧海藍天
悠遊自在的我
好滿足此刻的擁有

啊嗚　喔　海洋啊嗚　喔　海洋海洋",,,陳建年 Paudull,,No
Après un rêve (Fauré),,,No,No,Français,No,,"Dans un sommeil que charmait ton image
Je rêvais le bonheur, ardent mirage
Tes yeux étaient plus doux, ta voix pure et sonore
Tu rayonnais comme un ciel éclairé par l'aurore;
Tu m'appelais et je quittais la terre
Pour m'enfuir avec toi vers la lumière
Les cieux pour nous entr'ouvraient leurs nues
Splendeurs inconnues, lueurs divines entre vues
Hélas! Hélas, triste réveil des songes
Je t'appelle, ô nuit, rends moi tes mensonges
Reviens, reviens radieuse
Reviens, ô nuit mystérieuse!",,,,,No
88bars,,,No,No,Mandarin,Yes,,"I’m never the same
還是一直變
yeah I changed the game 華語嘻哈圈
Ever since 無限
小雨來的不是時候
還是多愁善感 bout下雨天
但我爺爺小時候就教我 大頭大頭下雨不愁 now I just make it rain
Flowing like 安卓三千 來自下個千禧年
ATLien 先馳得點的先知
I see the future like Mary with my 千里眼
天之驕子的天資
再加上堅持到底的偏執
外加上顏值 到底老天是否太明顯的偏心
one in a billion

maybe沒有話語霸權
林北有BAR的霸權
意思是either u love me or hate me when I drop them BARS
你逼不得已 gotta listen （facts！）
whats poppin I’m hopping on pop charts
把餅畫大 圈粉帶回嘻哈圈
剛唱完小巨蛋同一晚find me at 公館水管音樂moshing
Bitch why u sobbing
在那邊抱怨 說我太主流了 好了啦
我隨便一個主流跨刀 都能讓你主打歌命喪我刀下
說我太商業 不夠underground
cus I’m on top man
堅持不降價錢
天天過年 每場當做在唱跨年
（早跟你說過了！）

火大了 sending shots like 喝乾啦
Flow hotter than哪吒的
Got a whole lotta gold locked up in my vault
gotta go harder than my role model 羅大佑
Roll another 大的 yo
嗨大了
我普攻
你就以為開大了
絕世武功
該害怕了
像有開掛的
Jedi Knight Sky walker
My god
叫我嗆金曲評審 太瞎了
您別挨罵了
Why bother
U already know know I’m higher brother
My 思維 is out of control
Out of this world さようなら
This that 奧林匹亞等級高速運作
奧林匹克等級高級動作

花式比劃 honey 哩跨隆沒
大師級畫作 灑脫潑墨
傻了你懷疑我拍子跑拍
像跟莎士比亞說你文法用錯

你分不清我的真假動作
就像我分不清我的真假朋友
被我當眾戳破他說「真假？」
bro你反應真假 你所謂的真 假得真假

不經一事 不長一智
但不好意思 我還是不可一世
不合時宜 什麼意思
這首沒有跟你要有副歌的意思
不讓你附和的意思
整個超過你能夠負荷的意思
i’m too good的意思
KTV只能開原唱 看我獨秀的意思

我一枝獨秀 又一直突破
一絲不苟 flow 一滴不漏
氣勢如虹 got them bitches all shook
No hook shit got them bitches all hooked

No new friends me & rgry
沆瀣一氣
Going stupid aw silly me
Flow too sick 絡繹不絕 需要隔離衣
lil loser on that PTT talking bullshit 我芙蓉出水
當眾處決 遇到true MC 嚇到補血 需要康乃馨
na mean
叫我
Bully的bully我 不理解為何有這麼多的
pussy網路裡面 自以為自己有多了不起
Usually注意力不值得處理你但我有天
看著那些初級班的 菜雞在那互啄
看了一個下午feelin like a 公園裡的阿伯
Kind of funny how u 為了你的五斗米能
匯到你的戶頭裡能跪的像個扶不起的阿斗
太多饒舌歌手 連八個八都落的七零八落
killem all
扳機一口 殺了八十八個BAR u can call this殺雞儆猴
（88BARS baby take them way back to the basics
I’m back from my hiatus)",88bars,88bars,Kumachan,In progress,No
蜜汁沼澤,,,No,No,,Yes,,"摸著妳的腰
我從後面動
解開妳的內衣
畫面變成慢動作
而我只想make you right now
親吻妳的耳朵
隔著內褲看妳濕了
準備進入蜜汁沼澤 wow
I can play that shit all day
愛也可以像是game
開著Jimny on my way
No play no love no game
I can play that shit all day
愛也可以像是game
開著Jimny on my way
No play no love no game
摸著妳的腰
我從後面動
邊抽邊做
Getting stone
放進去噴火
妳像是燈籠
sucking me
瘋狂的點頭
Hey
想要被我調戲
Bitch 我知道妳喜歡
我看得出來
想要 我抓你的屁股
Grab your ass
看我用力的角度
Mother Fuck
Getting higher
變成了慢動作 遲緩
在我耳邊慢慢 癡喘
如魚得水魚水 之歡
腿都軟的走不動了
像是掉進蜜汁沼澤
Purple Peace Pussy
我收著 Bitch
摸著妳的腰
我從後面動
解開妳的內衣
畫面變成慢動作
而我只想make you right now
親吻妳的耳朵
隔著內褲看妳濕了
準備進入蜜汁沼澤 wow
I can play that shit all day
愛也可以像是game
開著Jimny on my way
No play no love no game
I can play that shit all day
愛也可以像是game
開著Jimny on my way
No play no love no game
Hell yeah
Let the beast out
吃掉蜜桃
Umm no doubt she′s a booty tank
Yeah girl
玩得力道
弄到軟腳
幫妳洗澡
抓痕 超明顯
我發現
我的背上多了
五條線
Hold不住了請妳
不要舔
要吃過的才懂
葡萄甜
Woo God damn
脫掉褲子
妳就知道我的專長
Yeah babe
讓我攻破妳的磚牆
You and me
絕對會是不同凡響
磚牆融化了
真的甜得像有沾糖
Hum
You're a bad girl
我想幫你上銬
妳太辣
很難不被嗆到
Freakin hot girl
很難不被燙到
關上門
Bang Bang Bang Bow Bow
摸著妳的腰
我從後面動
解開妳的內衣
畫面變成慢動作
而我只想make you right now
親吻妳的耳朵
隔著內褲看妳濕了
準備進入蜜汁沼澤 wow
I can play that shit all day
愛也可以像是game
開著Jimny on my way
No play no love no game
I can play that shit all day
愛也可以像是game
開著Jimny on my way
No play no love no game
妳像是一個
存在我內心裡的魁儡
不像是過客
停下腳步刺激我味蕾
I said
Maybe這就是妳所謂的Trap play
躲都躲不掉的氛圍
慢慢陷進蜜汁沼澤裡
I can play
You know me
犯的罪
先忘記
You can show
Your crazy to me
就看著妳姿態的變動
黑夜都快變成白晝
限時都塞滿了Photo
訊息都回傳了Damn Girl
I text no no
I′m playing now
Go Go
Just make it bounce
內心的野獸
表情就搓破
I can play that shit all day
愛也可以像是game
開著Jimny on my way
No play no love no game
I can play that shit all day
愛也可以像是game
開著Jimny on my way
No play no love no game",/,蜜汁沼澤,G22,Not Started,No
我是妳的南八萬,,,No,No,Mandarin,No,,"別在我們的面前想要呼嚨
我們夜貓組行走江湖手拿麥克風
像你這種傢伙只能去騙騙小朋友
同樣是靠嘴吃飯 但我們不同 我有病但你完全沒有
Heavily medicated 很多事情在學校老師都不會教你
你得要自己學習如何去分辨 好貨或爛貨 直到
自己變成了老手 yo check this out
吃葡萄不吃葡萄皮 但我懶得剝皮
沒關係 不吃葡萄我也可以去吃鳳梨
端湯上塔的和尚被我偷偷拌倒在地
灑出來的湯把我的腳燙到破皮
我叫你說對不起 不然就揍你
在我的地盤這兒你就得聽我的
now everybody move your body
lovely honey I know you know I want to be your wify

小姐 小姐 妳知道我愛妳 我是妳的南八萬
每天每夜我都需要妳 不想要一個人撸管
愛出風頭也都是為了妳 想要把你攬緊緊
小姐 小姐 妳知道我愛妳

春艷
我是你的南八萬
我超會打扮 五股小帥弟
到你家搗亂 我不懂
什麼話術直來直往那妹
說我超酷 他們全都只想要
在週末夜晚跟我一起到處走跳 我
不想跟她幹嘛但也可以擁抱
在西門町看我耍帥 心跳蹦蹦
你說我已把你打敗 woo
我有點壞壞 跩得帥
一起唱歌然後 kiss goodbye
別看我像是個屁孩其實我
非常的認真 so 別停止我 愛你
在你面前幼稚像個 白 七
是否有榮幸能夠搭上你的 班 機
一起上山下海 po上我們親密合照就讓
粉絲瘋狂下載",,,Leo王,Not Started,No
少年董 DON,,,No,No,,Yes,,,,,,,No
South Side,,,No,No,,Yes,,"瘦子 E-SO
SNAPBACK WHITE FORCE OLD SCHOOL FLAVA
RUNNING 木柵 GETTING BLUE PAPPER
車裡載的代表三峽夥伴
其他的人說了什麼講三小我幹
快點搖下窗戶點頭裝酷
喇叭開到最大讓他們知道是誰來光顧
巡迴不計天數 我感謝天父
低於限速的二手車 輪框依然電鍍
訂閱我的PAGE 不是湊巧只關注
那些COPY CAT愛裝成鄉民比酸度
VIDEO太FAKE一堆臭小子充數
我們的派對 我歡迎臭婊子加入
尊敬我的前輩不管搭幾次BEAT
慶功的香檳又忘了開幾支去
WE PARTY SO HARD 你待在家裡視訊
我項鍊99K管你押幾次韻
超爽的開著二手車 聽著饒舌歌
口音老鄉土 來自南方的台客素TEE穿白色
WHAT YOU GONNA DO
SOUTHSIDE SOUTHSIDE 台北台北市
SOUTHSIDE SOUTHSIDE 台北台北CHICKS
SOUTHSIDE SOUTHSIDE 台北台北市
SOUTHSIDE SOUTHSIDE 台北台北KIDS
小春 KENZY
自己賺的我爽就花 奢華的都市 簡單過生活
從松山開始走跳來到木柵 早就賺到第一台二手車
比出手勢打招呼 我們點頭
HOLLA AT ME不在乎是否眼熟
台北以南的城市 四處走跳
HULSTE EVERY DAY 管誰跟我有仇
我賺來的錢根本不需繳車貸
沒在背債鈔票塞褲帶自己承擔好壞
想陷害我 見怪不怪 但是現代 改朝換代 妹仔知道該要選誰變態
BABY IN MY CAR 車廂還有球棒
別隨意按喇叭棒子往你車上撞
習慣溜搭開著車在街上晃
在道路上假欻 跟我兄弟漂浪
超爽的開著二手車 聽著饒舌歌
口音老鄉土 來自南方的台客素TEE穿白色
WHAT YOU GONNA DO
SOUTHSIDE SOUTHSIDE 台北台北市
SOUTHSIDE SOUTHSIDE 台北台北CHICKS
SOUTHSIDE SOUTHSIDE 台北台北市
SOUTHSIDE SOUTHSIDE 台北台北KIDS
大淵 MUTA
副駕車位 限乘辣妹
最辣的台妹 讓你先插隊
跟我去LONG DRIVE
忘記那些雜碎白襪配拖鞋
老鄉中的FASHION 關鍵
車身都降低 然後ㄍㄧㄥ著我的低音快當機 要當心
前面照相機 超速被拍的時候我還在車上吃炸雞
買東西不喜歡下車
他們知道我寫的生活不是假的
認識我的人才知道品味跟價格
我開的車是九零紅色五門的雅哥
四處亂晃開車 讓妹們都愛著
南方老鄉的PARTY讓她們覺得太扯
就愛泡妞改車 再把兄弟載著
代表南方的老鄉我就是來自木柵的台客
超爽的開著二手車 聽著饒舌歌
口音老鄉土 來自南方的台客素TEE穿白色
WHAT YOU GONNA DO
SOUTHSIDE SOUTHSIDE 台北台北市
SOUTHSIDE SOUTHSIDE 台北台北CHICKS
SOUTHSIDE SOUTHSIDE 台北台北市
SOUTHSIDE SOUTHSIDE 台北台北KIDS",,,頑童,In progress,No
幹大事,,,No,No,,Yes,,"我只扩大经营 罩大家庭
直到我入土的那天请你节哀
BIG SHIT POPPING
LITTLE SHIT STOPPING
我们只干大事 就像T.I.

我只干大事 我干大的
恁爸起大厝 我盖大的
DAT ASS SO FAT 我干大的
宾士AMG 我开大的

我在干大事你不要乱
那些蝇头小利留著 宁可不要赚
承认吧 没有好处的活谁要干
没有载完整船黄金 我们不靠岸

女人想要钻戒 五星级的饭店
小子没有碰过活的拜金 没有概念
WORK HARD 到半夜 其他人都在睡
我们来的地方 每个兄弟都想上位

谁管 HIP HOP 还不 HIP HOP 太小家子气
国中还没毕业 我就学会做生意
天生干大事的少年董 比富二代争气
没有含著金汤匙 超工时 疯捞十亿

我只扩大经营 罩大家庭
直到我入土的那天请你节哀
BIG SHIT POPPING
LITTLE SHIT STOPPING
我们只干大事 就像T.I.

我只干大事 我干大的
恁爸起大厝 我盖大的
DAT ASS SO FAT 我干大的
宾士AMG 我开大的

想要尬阮乔平大 拿钱来讲
干大事只看数目
没在看小额利润 嘿拢多讲
进帐塞爆我的帐户
我从来不找谁靠 自己当作股票
干大宗要够狠 冻未条的咖小先跑
当我在家数钞票 出手似阔少
现在换我跟阮兄弟主事拢无你的局
干得高调才醒目 北七还搞不清楚
顶住几十个亿 服我的人都在同ㄧ路
插旗横扫拓疆土 兄弟们干遍江湖
挡我的发财路那些绊脚石全部都铲除

我只扩大经营 罩大家庭
直到我入土的那天请你节哀
BIG SHIT POPPING
LITTLE SHIT STOPPING
我们只干大事 就像T.I.

我只干大事 我干大的
恁爸起大厝 我盖大的
DAT ASS SO FAT 我干大的
宾士AMG 我开大的

我在养家活口 把现金夺走
快发牌结局要发财垃圾赶快挪走
挡路门都没有 钱在跟你挥手
莎呦那啦别想发达把你马子亏走
没 在 怕 事 我都干
胸 怀 大 志 赚钱不偷懒
享受过后我才不想糊口饭
心狠手辣要干大事得不择手段
拼了命再往上闯荡 我的状况狂妄
老乡榜样 传遍在地方上
花光不紧张 因为ㄧ直进帐
丰收景象 就像挖到金矿

我只扩大经营 罩大家庭
直到我入土的那天请你节哀
BIG SHIT POPPING
LITTLE SHIT STOPPING
我们只干大事 就像T.I.

我只干大事 我干大的
恁爸起大厝 我盖大的
DAT ASS SO FAT 我干大的
宾士AMG 我开大的",BIG THING,,頑童,,No
Amis 的饗宴,,,No,No,,Yes,https://www.youtube.com/watch?v=gSJ09juDq1c,"有個活潑熱情的Amis朋友 生活充滿樂趣
喜歡打獵和下海捕魚 料理山珍海味
他最愛吃那個 dadegem（龍葵）和si-lau（醃漬物）
Amis朋友會準備好吃的料理 招待給好朋友
煮的 炒的 煎的或炸的 樣樣都是好滋味
吃過以後你就會 一個接一個
好吃的東西有hak-hak（糯米飯） fuding（魚類）的沙西米
山上打的fa-fuyi（山豬） 和gulafau（田鼠）
溪邊的halang（螃蟹） dagula（溪蛙） 飛鼠的dinayi（腸子）
田裡種的ge-nau（蔥） 和gu-lang（蔬菜）
小米酒也拿出來 一切都準備好 那麼現在就要來唱歌 ｏｈ ｙｉ ｙａ ｈｉ ｙａ
← 間 奏 →
好吃的東西有hak-hak（糯米飯） fuding（魚類）的沙西米
山上打的fa-fuyi（山豬） 和gulafau（田鼠）
溪邊的halang（螃蟹） dagula（溪蛙） 飛鼠的dinayi（腸子）
田裡種的ge-nau（蔥） 和gu-lang（蔬菜）
小米酒也拿出來 一切都準備好 那麼現在就要來唱歌 ｏｈ ｙｉ ｙａ ｈｉ ｙａ",,,,,No
陪妳過假日,,,No,No,,No,,"Everything is happening to you is god's processing
Every difficult moment that you're having He's just processing you
That's all they're doing
Everything you are going through is preparing you for
what you asked God for

Everything that is happening to you it's god processing in you
幹嘛要烙英文
夜深人靜 CODE

這就是聰明絕頂的愛情
聰明絕頂的自由放蕩不羈
拿著57 那是VARO婉婷 送我的禮物
那是我開始的一個契機
我把它摔壞 陪妳過假日
那一個假日 那不是假的
那是不假思索的 反射 動作
虎哥問我
昨天晚上有沒有睡好我說 沒有
昨天晚上 睡在萬隆
一個人旁邊睡著 狗狗 貓貓
她 本來叫我寶貝
今天突然叫Leo 蛤 突然改口
讓我感覺到臉部神經全部都爆炸
蛤 我說癱瘓
臉部神經全部不聽使喚
像是你的左手 的無名指
我是一個莫名其妙的無名氏
Leo王的孩子不姓王姓李 小李子
本無一事 本無一物
何處惹塵埃 你來告訴我
蛤 常常打掃 常常禱告
常常打掃 對誰禱告
常常打掃 常常拖地
把那些塵埃全部都擦去
把污點全部都擦去
把所有誤會都解開
把所有內衣都解開 沒穿內褲 蛤

沒穿褲子 蛤 那是因為還沒有洗好
我一直三天兩頭 三地 兩邊跑
一直跑 一直跑 一直咆哮
一直內心裡面澎湃像是大海在翻攪

嘿 翻攪 翻攪
那天晚上點了10顆水餃
我自己吃了8顆 另外兩顆分妳朋友
想要回家 跟妳睡覺
帶妳回家 回到妳的旁邊
回到妳的臂彎
我是一隻流浪狗
金窩銀窩 還是比不上妳的嘎子窩
比較暖和
哼 我比較奇怪 fetish
我半夜不睡 do your dishes
那不是妳要的 那是我自己
獻殷勤啊 陷進那陷阱裡 蛤
陷進那流裡 黃河入海流
黃河不是我的家 銀河才是我 的歸宿
成為宇宙裡面一顆亮點
Shout out to softlipa
他 杜振熙哈大帝國
我們才會相見
We did it %%%pass
You didn't show me your @ss
真的沒有 真的沒有
真的沒錯 是真的好吃
真的沒錯 是真的好濕
真真假假 舌燦蓮花
Shout out 大支
沒那麼大支 是袂安怎
但是不要緊 那代表 咱膽大心細
我兄弟 書逸 叫我不要太著急
Everything is looking good
Everything in this right place
Everything攏是 過程

I hope so 哇矮哩
我知道我知道一切都是過程
寶貝我愛妳
嗯就是 很難過的過程
很難過 過山洞的火車
火車噹啊一丟 噹啊一抖 丟
丟掉全部的家當 還有家具
那些都是花錢買來的
那些都是我花心血 流汗
所換來的 所以
唉
CODE",,,Leo王,In progress,No
哥,,,No,No,,No,,"晉升哥字輩 但還是貝戈戈
多少妹子像是弟子 整天背哥的歌
用著進化歌喉配上犀利歌詞
饒舌歌手看到哥都開啟迷弟模式
私訊密哥 說 ㄟ 熊仔哥歹勢
能不能 跟仔哥 要個載歌載點
想要跟著仔哥的歌 載歌載舞
任仔哥的punchline 宰割海扁
愛聽歌的女孩 這種哥愛
愛哥的收藏 哥忍痛割愛
但別寄生哥的good life
每晚都要哥愛戴
哥不愛戴就怪哥 ㄍ ㄨㄞ' 怪
太愛寬哥 子膽哥 快術之干戈
叫弟的親妹 別一直喊哥乾哥
別搞到割腕流血 不想被drama耽擱
別奢望哥挽留姊 哥頂多寫首輓歌

哥trip 哥vibes with that 哥shit
哥livin 哥life droppin 哥 music
哥哥 flex on them with my 哥bae
Shes a bad shawtie in a 哥way
哥making 哥moves in that 哥whip
哥in a 哥mood bumpin 哥的hits
哥哥 flex on them with my 哥bae
Keep a bad shawtie in a 哥shape

說到哥 哥我當得最久
妹妹都愛來找哥對酒當歌 每晚喝到醉酒
年紀比哥大的姐姐們也都愛把哥當哥
哥哥應付不過來只好叫弟弟幫哥擋(幫個忙)
弟們都來follow me 稱呼哥是big brother
不斷地bother me 林北嘎哩巴叻
都想來找哥feat 出現在哥哥的歌裡
哥不理他們 還不停「哥的哥的」拜託哥理
別再跑來認我 問我可否叫我大哥
哥大有可為 管你叫我大大還是哥哥
哥哥大可把你罵到怕了不用大的音量
用歌詞把到心上人 順便打到你心上
別再打哥的大哥大 哥哥在呼呼大睡
哥哥不只很偉大 哥哥還很大尾
弟發現 哥發揮的大絕 不到一成的功夫
崇拜哥的舉手投足 搶當哥的手足

哥trip 哥vibes with that 哥shit
哥livin 哥life droppin 哥 music
哥哥 flex on them with my 哥bae
Shes a bad shawtie in a 哥way
哥making 哥moves in that 哥whip
哥in a 哥mood bumpin 哥的hits
哥哥 flex on them with my 哥bae
Keep a bad shawtie in a 哥shape

I'm your 兄 your my my lil bro
I'm getting all the models all you got is lil hoe
我才20歲 你要好好反省
Look at your lazy ass 我都為你擔心
每一天晚上 its where I make difference
哥所以成長 因為哥願意犧牲
我在跟熊做歌 哥們gon殺無赦
Oh my god

弟不想當弟 弟想當尼哥
弟沒有創意 弟一昧的迷哥
弟 想要跟哥一樣的霸氣
弟想當大哥 哥比較想當大帝
凱薩 Julius Caesar
哥comes 哥sees 哥 conquers整個戈壁
牆頭草 快來依附哥的惡勢力
看好風向 記得考慮哥的柯氏力

哥寫歌沒格式 哥寫的每個字
都讓弟 嘆為觀止 像是哥德式
哥的尺寸 可是德式
德意志的得意技 繼承哥的哥的意志
哥給弟 幾個建議 好好聽著
書中自有黃金 看看哥的藏經閣
精益求精 弟別只寫口水歌
弟 大吃一精 終於成為拓也哥",Bro,,Kumachan,,No
"微醺小房間
",,,No,No,Mandarin,Yes,,"昨天的話 還沒說完
漂浮在天花板
鬆開緊握的鎖
好讓感覺 流進來

嚐一口微醺的夜晚
跟著氣泡不停地旋轉 旋轉
嘴裡還呢喃著獨白
你是誰不要拆穿

迫不及待 你給的愛
身體 快要蒸發
意識 清醒了點
心要卸載 什麼遺憾	
我不退 也不喊
讓時間流過
所有期待 未來 傷害
選擇 障礙 重來

眼前的牆 將我推開
重新找方向感
揮舞補夢的網
想把自己 抓回來

房間裡迴盪著節拍
眼淚還在牆角壁癌
找不到適切的姿態
你為何 從未離開

*",Somnium Chamber,,9m88,,No
弟弟怕姐姐,,,No,No,Mandarin,No,,"弟弟怕姐姐 告訴媽媽他偷偷打手槍
在這個和平的家 竟然有人敢背著媽媽偷偷打手槍
弟弟真是衰 每天都會被姐姐威脅
如果姐姐想抽煙 弟弟的工作就是準備掃把
等下掃煙灰 弟弟聽didilong
想說 飛吧 飛吧 就讓我的子彈飛到太空 穿越時空
跟88男一起廢在 東岸西岸東洋西洋愛情動作片裡頭

woo~夜深人靜 小明打手槍
oh no no no no 耳機隔音太好 腳步聲聽不到
woo~小明最喜歡去 thisav
雙手萬能但是現在被發現了完了
手機螢幕又太小了都看不清楚她 nipples

姊姊突然打開房門 我褲子來不及穿好
那麼晚了還不睡覺 到底是在衝三小
她懂了 說我真可愛 嚇到沒法講話
姊姊說我終於長大 姊姊摸我的頭說乖
她幫我止渴 嘴巴上說不要 身體倒是挺誠實的
hey 姊姊突然喊了聲 WTF
小時候一起洗澡 現在竟然長得那麼大
姐姐怎麼那麼好色 還不准我那麼早射
傻孩子竟然都不曉得 地方姊姊需要老二
她快到了 還叫我撐著
奪走人家第一次 SOD都是真的
姊姊說以後不用再自己解決
想要的話就到隔壁房間找自己的姊姊
還威脅我說這是我們兩人之間的秘密
如果我告訴她男朋友的話她就要告訴媽媽

woo~夜深人靜 小明打手槍
oh no no no no 耳機隔音太好 腳步聲聽不到
woo~小明最喜歡去 thisav
雙手萬能但是現在被發現了完了
手機螢幕又太小了都看不清楚她 nipples

從星期一到星期七
從 xvideos 到 卡提諾101
小明走不出青春期 有甚麼關係
或許 打飛機才是他真正的興趣
once again 台灣大學裡面沒有飛機系
所以他只好選擇去念農經
小明又戴上耳機 你們只在乎成績
沒問題 攏齁哩啦 全部都考出來給你

woo~夜深人靜 小明打手槍
oh no no no no 耳機隔音太好 腳步聲聽不到
woo~小明最喜歡去 thisav
雙手萬能但是現在被發現了完了
手機螢幕又太小了都看不清楚她 nipples","Jerking Off, Got Caught",,Leo王,,No
假朋友真兄弟,,,No,No,Mandarin,No,,"[Intro: BOWZ]
我的身邊有很多的朋友
忙起來有時後很久都沒有聯絡
但是我沒有忘了你們
所以我寫了這首歌 送給你
希望你會喜歡

[Verse 1: BOWZ]
紅了後 我的朋友一夕之間變好多
紅了後 我的朋友說我態度變好多
兄弟和朋友不同 沒在管我紅不紅
So 紅了後 朋友和我兄弟好分辨好多
朋友約我party 為了打卡炫耀
我的兄弟打卡 為了約我出門hang out
我的朋友偷拍照片 狂發十張現實動態
我跟兄弟喝到斷片 記憶和底片全是空白
朋友說 欸 好久沒見
電話打不通怎麼都不回電
女友快要生日 是你頭號粉絲
可不可以私下 約你會面
(I don't know about that man)
朋友這樣太沒sense
對你感情太隨便
稍微移開視線
危險危險危險
三秒鐘讓他移情別戀
我的朋友跟他朋友說 BOWZ是他兄弟
我的朋友跟他兄弟說 BOWZ他好臭屁
很不巧的你不曉得你的兄弟是我兄弟 所以
不好意思朋友你又少了一個兄弟
Sorry
You might also like
[Bridge: BOWZ]
Nah 我朋友一直哄我
我朋友一直捧我
我朋友很懂social但是沒有一個懂我
我兄弟比我還要反社會
對fake ass比較直接
都說 get the fuck out my face

[Chorus: BOWZ & (陶喆 David Tao)]
I'm not yo bro
I'm not yo homie
I'm not yo man
No you don't know me
I'm not yo guy
I'm not yo 兄弟
I'm not yo 誰誰誰
Aye aye
Get the fuck out of my face
I'm not yo bro
I'm not yo homie
他來求我
他來攀關係 他說
(我無法只是普通朋友
感情已那麼深 叫我怎麼能放手
但你說...)
[Verse 2: BOWZ]
朋友跟我分享他的新歌
他只想我幫他分享沒管我有沒有聽歌
找我合作想著怎麼賣票 發稿 才好
演唱會來賓我直接放他鳥
娃
朋友不肯放過我
纏著我 裝熟說
老朋友認識都這麼久 小時候回應好wonderful
忘了嗎？
我是你國小的同學的舅舅的柴犬的寵物醫生的室友
是哦。
一點印象都沒有
No
我只記得那隻狗
後來朋友說我大頭症 不知那根筋不對
兄弟知道我在打頭陣 當我後勤部隊
現在朋友會來約我 都是為了吸引妹來虧
我兄弟約我
我的兄弟 本人 就是 妹

[Bridge: BOWZ]
Nah 我朋友背後捅我
我朋友背後弄我
我朋友被我轟走還要跪求解除封鎖
我兄弟比我還要反社會
對fake ass比較直接
都說 get the fuck out my face
[Chorus: BOWZ & (陶喆 David Tao)]
I'm not yo bro
I'm not yo homie
I'm not yo man
No you don't know me
I'm not yo guy
I'm not yo 兄弟
I'm not yo 誰誰誰
Aye aye
Get the fuck out of my face
I'm not yo bro
I'm not yo homie
他來求我
他來攀關係 他說
(我無法只是普通朋友
感情已那麼深 叫我怎麼能放手
但你說···)

[Outro: (陶喆 David Tao) & BOWZ]
(我在你心中只是just a friend」
不是情人
我......)

直到我朋友裝成兄弟的小帳號套我話
我朋友截圖兄弟的塗鴉牆爆我卦
我兄弟朋友用我名義對外烙狠話
直到我兄弟朋友為了利益設局fuck him up
我慎選我的兄弟 但他不懂區分
直到兄弟因他朋友業障替我犧牲
再也不講道義
不值錢沒什麼好做保的
別再稱兄道弟
大家朋友一場就好了",,,"BOWZ, Kumachan",,No
,,,No,No,,No,,,,,Kivi Pasulivai 吳美婷,,No
辣台妹,,,No,No,Mandarin,No,https://www.youtube.com/watch?v=zJx6v_APhWA,伊係北部的口音 搖落中部的口音 搖落 搖落南部的口音 搖落 搖落音樂插播 看她脫掉上衣音樂插播 看她脫掉上衣 她是揮霍一切直到沒這個單位不太歡迎小氣鬼幾十萬的現金放在口袋不用回今天晚上就算有家也不用回82年的拉菲 生牛肉配上松露你笑我世俗我也不要空腹一條龍的帳單簽個名我都付從錦州街口一路玩到忠孝東路年輕人的小費都往口袋塞黃董太HIGH誰還躲在角落講電話應付太太最好早點回家這條狗太乖酒色財氣的台北 戴著純金的項鍊幫我排新的小姐 辣台妹酒色財氣的台北 戴著純金的項鍊幫我排新的小姐 尬台妹辣台妹 辣台妹 騷底辣台妹 辣台妹 WU辣台妹 辣台妹 騷底辣台妹 辣台妹 搖落伊係北部的口音 搖落中部的口音 搖落 搖落南部的口音 搖落 搖落音樂插播 看她脫掉上衣音樂插播 看她脫掉上衣 她是我們不說價 敢玩再坐下給我一盤SHOTS 看我贏光妳的衣服全部都脫下在這晚上我們不講人情最好只講現金 整場美女如雲喝到早上 直到是誰不行全部都框到底 就讓我來處理最熱情的鄉音 身價都是鑲金為了她們我要繼續再開幾支香檳快點脫掉上衣 散發迷人香氣把錢通通都給妳別再說妳爸生病酒色財氣的台北 戴著純金的項鍊幫我排新的小姐 辣台妹酒色財氣的台北 戴著純金的項鍊幫我排新的小姐 尬台妹辣台妹 辣台妹 騷底辣台妹 辣台妹 WU辣台妹 辣台妹 騷底辣台妹 辣台妹 搖落伊係北部的口音 搖落中部的口音 搖落 搖落南部的口音 搖落 搖落音樂插播 看她脫掉上衣音樂插播 看她脫掉上衣 她是手戴水鬼 脖子戴上金飾不搭捷運 最好別刮我的賓士待會要去哪耍 得看我興致為何換帖兄弟全都移去麗緻敢玩的小姐 恁全部照排裝一塊的紅牌今嘜雄厚嘜來朋友覓食來談戀愛 昏頭掉進懸崖刷卡外框放生 下次帶包再來走店絕不簽單 打腫臉充胖子出門在外 沒在怕那出亂子阮敢玩就敢博 今天當浪子小姐看到我們像是吃到倒吊籽酒色財氣的台北 戴著純金的項鍊幫我排新的小姐 辣台妹酒色財氣的台北 戴著純金的項鍊幫我排新的小姐 尬台妹辣台妹 辣台妹 騷底辣台妹 辣台妹 WU辣台妹 辣台妹 騷底辣台妹 辣台妹 搖落伊係北部的口音 搖落中部的口音 搖落 搖落南部的口音 搖落 搖落音樂插播 看她脫掉上衣音樂插播 看她脫掉上衣 她是,Hot Chick,,頑童MJ116,In progress,No
阿美族語歌曲 十七歲的女孩 - YouTube,,,No,No,,No,https://www.youtube.com/watch?v=qqDjIR7JgL4&list=PLxeRlhNjfFnkkgFi7KxFYZD_JfJ1fzsmx&index=10,,,,,,No
,,,No,No,Truku,No,,,,,,,No
,,,No,No,Bunun,No,,,,,,,No
,,,No,No,Atayal,No,,,,,,,No
saceqaljan,,,No,No,Paiwan,No,https://www.youtube.com/watch?v=TYO5-6j4VhM&list=RDTYO5-6j4VhM&start_radio=1,"sa ce qa ljane tja ya in ne ya lja i nu se lja se lja ngane lja
ta leng e i ge ma du wa na ya lja li na lu kepe tu sa a i va ya lja
sa ce qa ljane tja ya in ne ya lja i nu se lja se lja ngane lja
k a va la li ya pi  ya pa ya lja pa sa si va tje tu se ke lja ya lje
sa ce qa ljane tja ya in ne ya lja i nu se lja se lja ngane lja
http://3.nu/  lju tji lji va li lji nge ya lja ti ni zu lja ne tu sa yi va ya lja
sa ce qa ljane tja ya in ne ya lja i nu se lja se lja ngane lja",,(男對女 婚禮前唱),Dremedreman 曾妮,,No
鬼湖之戀,,,No,No,Rukai,No,https://www.youtube.com/watch?v=3rNmj-YDfd4,,,,,,No
梁文音《鲁凯的姑娘》风情满分 — 我是歌手第四季谁来踢馆 - YouTube,,,No,No,,No,https://www.youtube.com/watch?v=YNAgPtfhN3Y,,,,,,No
原Way聽歌吧 ｜ 馬蘭姑娘＋日出東方Pasiwali By 歐巴尚青 - YouTube,,,No,No,,No,https://www.youtube.com/watch?v=-VDiMkM9smQ&list=RD-VDiMkM9smQ&index=3,,,,,,No
原Way聽歌吧 ｜ 馬蘭姑娘＋日出東方Pasiwali By 歐巴尚青 - YouTube,,,No,No,,No,https://www.youtube.com/watch?v=-VDiMkM9smQ&list=RD-VDiMkM9smQ&index=3,,,,,,No
阿美族歌曲 (那天晚上風的聲音) 檳榔兄弟 - YouTube,,,No,No,,No,https://www.youtube.com/watch?v=ty83gKqXnaA&t=2s,,,,,,No
阿美族歌曲 (那天晚上風的聲音) 檳榔兄弟 - YouTube,,,No,No,,No,https://www.youtube.com/watch?v=ty83gKqXnaA&t=2s,,,,,,No
阿美族歌曲 (那天晚上風的聲音) 檳榔兄弟 - YouTube,,,No,No,,No,https://www.youtube.com/watch?v=ty83gKqXnaA&t=2s,,,,,,No
阿美族歌曲 (那天晚上風的聲音) 檳榔兄弟 - YouTube,,,No,No,,No,https://www.youtube.com/watch?v=ty83gKqXnaA&t=2s,,,,,,No
馬蘭姑娘 by 原來是美族 #三姐妹 - YouTube,,,No,No,,No,https://www.youtube.com/watch?v=dnjL5jxjCgA&list=RDdnjL5jxjCgA&start_radio=1,,,,,,No
馬蘭姑娘 by 原來是美族 #三姐妹 - YouTube,,,No,No,,No,https://www.youtube.com/watch?v=dnjL5jxjCgA&list=RDdnjL5jxjCgA&start_radio=1,,,,,,No
Pito ko safaw a mihcaan no kayoing,,,No,No,Amis,No,https://www.youtube.com/watch?v=qqDjIR7JgL4&list=PLxeRlhNjfFnkkgFi7KxFYZD_JfJ1fzsmx&index=11,,,十七歲的女孩,,Not Started,No
Senai kalevalevai,,,No,No,Paiwan,No,https://www.youtube.com/watch?v=Bfy4d5oKjys,,,我們當歡喜歌唱,,,No
*排灣情歌,,,No,No,Paiwan,No,https://www.youtube.com/watch?v=TsgCot2z2lw,,,排灣情歌(春日版),排灣女聲,Not Started,No
(senai tua CEMES),,,No,No,Paiwan,No,https://www.youtube.com/watch?v=rIEL7O9WjFo,,,,排灣女聲,Not Started,No
*美麗的稻穗,,,No,No,Puyuma,No,https://www.youtube.com/watch?v=NV4vftOkGAk,,,美麗的稻穗,陸森寶,,No
na lu wan,,,No,No,Paiwan,No,https://www.youtube.com/watch?v=qURuaZGoeTk&list=RDqURuaZGoeTk&start_radio=1,,,,Ljaucu Talimaraw,,No
*媽媽的花環,,,No,No,Puyuma,No,https://www.youtube.com/watch?v=1oG7U8oesTM,"tu upidanay ku dda aput kan nanali
semebek na kaliaputan
tu upidanay ku dda aput kan nanali
salauku semangal dda sagaran
na aput na inupid ku piaputau
kamawan dda bulabulayan
parenang mi kan nanali kurenang masangal
madikedikes mukasa muwarak a pakireb semenai",,媽媽的花環,"南王姊妹花, 陳建年 Paudull",Not Started,No
Malikasaw ,,,No,No,Puyuma,No,https://www.youtube.com/watch?v=CaTKzs4kg3c&list=RDCaTKzs4kg3c&start_radio=1,"senayaw na vulavulayan (hoaiyeyan hay yan)
muaraka ta na vangaensaran",Cheerful waggle dance,快樂搖擺,Sangpuy 桑布伊,In progress,No
Iturusanay,,,No,No,Puyuma,No,https://www.youtube.com/watch?v=O1enhHQdSl0&list=RDO1enhHQdSl0&start_radio=1,"kemayan ta i ngawayane za na karuma’an
mukasaya ta kianun kemakezeng ta
tu inlrangan na awatanane kana maa’idenge (maa’izangan?)
kana maa’izangan kalrayuwayuwane
ama ina (na ni ya o)
ama ina aperezaw mi
ama ina tu puwalihuyane",Follow your steps,跟著走,Sangpuy 桑布伊,In progress,No
*太巴塱民謠,,,No,Yes,Amis,Yes,https://www.youtube.com/watch?v=EDa9MRjH-mQ&list=RDEDa9MRjH-mQ&start_radio=1,,,太巴塱民謠,陳建年 Paudull,Not Started,No
故鄉 Puyuma,,,No,No,Mandarin,No,https://www.youtube.com/watch?v=7wlyj2KSCyU&list=RD7wlyj2KSCyU&start_radio=1,,,故鄉 Puyuma,陳建年 Paudull,Not Started,No
Amis 的饗宴,,,No,No,,No,https://www.youtube.com/watch?v=gSJ09juDq1c,,,Amis 的饗宴,陳建年 Paudull,Not Started,No
sisarusaru,,,No,No,Paiwan,No,https://www.youtube.com/watch?v=BEZIRZPnrh0&list=RDBEZIRZPnrh0&start_radio=1,(hard coded,,結婚歌曲,tjuku taligu 謝光蘭,Not Started,No
*思念,,,No,No,Amis,No,https://www.youtube.com/watch?v=_SrkgXisLUg&list=RD_SrkgXisLUg&start_radio=1,"Senay senay sa ko losa’
O losa’ iso haw kaka
Yo na ikor han no miso i takowanan
Hay ya harateng iso kaka",,思念,原來是美族,In progress,Yes
emaya-a-yam,太陽 風 草原的聲音,,Yes,No,Paiwan,No,https://www.youtube.com/watch?v=e0rlsZn8rHg&list=RDEM6-0iv3BXmlPx3FmwU8mmNQ&index=11,,,婦女除草完工祭古調,Samingad 紀曉君,,No
*野火（遊訪家戶),,,No,Yes,Puyuma,Yes,https://www.youtube.com/watch?v=PTcgTJF97Og&list=OLAK5uy_lquISR5niGIF72LITUGzTWgL9sTv99kgE,,,野火（遊訪家戶),Samingad 紀曉君,Not Started,No
Aza-Aza,,,No,No,Amis,No,https://www.youtube.com/watch?v=Y85s_p8tVno,"mamelaw tu kaku
Takaw nu falucu nu maku
mamelaw tu kaku
Haye kisu
Ami ma’an kisu
A Patingwa ku kingcal hanaku
Melaw Kila mata atu hemut
Caay ka kapah nu kulul nu maku
Afunay Kuni Wawa nu Pangcah atu bunun
Matiyaay ku lungec kisu
Ira ku ceka adada ku falucu
Siruma saw maulah kaku
Nika Keman saw sicedam kila nguyus
ami pataluma kisu
kasasufana' kamu
Hani keman tu pah
sakelu Cha Cha kita",,,ABUS 阿布絲,Not Started,No
"cemavulid ",,,No,No,Paiwan,No,https://www.youtube.com/watch?v=2wSTPNgOjx4&list=RD2wSTPNgOjx4&start_radio=1,,,戰歌,Sauljaljui 戴曉君,Not Started,No
Sapuy,,,No,No,Paiwan,No,,"anema zua temeljateljar
vaivaik tu galiljegilj
ling ting ting saringsingsing
djemaljudjaljun

timitjamitja mara u kaka
idu idu patjatjiyaki
a maperaperaw

(oh hi yan)

anema zua temeljateljar
vaivaik tu galiljegilj
ling ting ting saringsingsing
djemaljudjaljun

timitja maru qucivauvaw
namasisapuy i kalevelevan
pateljateljar

(oh hi yan)

'isaceqalj nu tjayain
satja useljaseljangi
'isaceqalj nu tjayain
satja u seljaseljangi",Torch,,Sauljaljui 戴曉君,Not Started,No
Dipin Kari Tang,,,No,No,Paiwan,No,youtube.com/watch?v=E3o9EP2xFxw&list=PLks11XVo1uVKG8V7njKgRw3S7DB7gvBfY&index=4,,,麵包 咖哩 刺蝟,Sauljaljui 戴曉君,,No
Semusu ta pana,,,No,No,Paiwan,No,https://www.youtube.com/watch?v=ZXfzKXtn2n0&list=RDZXfzKXtn2n0&start_radio=1,,Tracing the River of Life,,Sauljaljui 戴曉君,Not Started,No
Sadeku na semenam,,,No,No,Paiwan,Yes,https://www.youtube.com/watch?v=oB5QebmpC0A&list=RDcAxY_PPLtzA&index=2,,,溫暖的光,Sangpuy 桑布伊,Not Started,No
*馬蘭姑娘,,,No,No,Amis,Yes,https://youtu.be/-maXsihWp7g?si=R-71hIDW83QEyy_I&t=126,"Inaaw hay ya amaaw, sololen kako ina
Matini similicayay ko wawa no tao to tireng ako ina
Ano caay kamo pisolol to tireng ako ina
Omaan say ko pinang ko nika patay makinotolo toloan no kasoling",,馬蘭姑娘,以莉·高露,In progress,No
*夫妻相好歌,,,No,No,Amis,Yes,,,,夫妻相好歌,,In progress,No
*怠惰歌,,,No,No,Amis,Yes,,"Talu amissan kako i, talu timulan kiso
Talu timulan kako i, talu amissan kiso
Tanamen kiso diy
Mitotokan ni calaw diy masalipaay diy masafadasay
O nanu aca nu kusuy ya ko
-
Matihenmok kako i, matokinil kiso
Matokinil kako i, matihenmok kiso",,怠惰歌,,In progress,Yes
*木瓜歌,,,No,No,Amis,Yes,,,,木瓜歌,,In progress,Yes
Kero no kaying,,,No,No,Amis,Yes,https://www.youtube.com/watch?v=4TChnpsn8Ic,,Amis Cha Cha,優美舞姿 / 阿美恰恰,,In progress,No
*我的爸爸是蔣總統,,,No,No,Amis,Yes,,,,我的爸爸是蔣總統,,In progress,No
排灣歌謠/感謝之歌 masalu - YouTube - 《謝正男》Paljaljim varengelan,,,No,No,Paiwan,No,https://www.youtube.com/watch?v=S8YGY94JSXM,,,,Paljaljim varengelan 謝正男,Not Started,No
《Forever Truku》太魯閣族歌謠 - YouTube - HoHoBa 🍀Love🍀,,,No,No,Truku,No,https://www.youtube.com/watch?v=zAx7uv5uU98,,,,,Not Started,No
原歌/排灣族古調/思念 - YouTube - 蔡金茂,,,No,No,Paiwan,No,https://www.youtube.com/watch?v=V5wH4yBgSFs&list=RDV5wH4yBgSFs&start_radio=1,,,,Kivi Pasulivai 吳美婷,Not Started,No
#排灣族#古調傳唱#思念#原住民經典歌曲#聲林之王3#邱軍#桑梅絹合唱歌曲#歡迎免費訂閲頻道#分享影片#按小鈴鐺@bbba - YouTube - 朱道祥-拉馬耀,,,No,No,Paiwan,No,https://www.youtube.com/watch?v=M4sMG5aGGxU&list=RDV5wH4yBgSFs&index=2,,,,,Not Started,No
卑南族—美麗的稻穗 - YouTube - Celalaq Tuljaljuy,,,No,No,Puyuma,No,https://www.youtube.com/watch?v=79gEdcy8-Uw&list=RDV5wH4yBgSFs&index=3,,,,Kivi Pasulivai 吳美婷,Not Started,No
《排灣族古謠》 - YouTube - HoHoBa 🍀Love🍀,,,No,No,Paiwan,No,https://www.youtube.com/watch?v=zmFsp3eK7CM,,,,,Not Started,No
台灣原住民歌謠 Taiwan's Indigenous Tribal Music (Audio) - YouTube - 59N舞炯恩,,,No,No,,No,https://www.youtube.com/watch?v=9kDT_Y1g51k,,,,,Not Started,No
Arase 阿拉斯【 spi adringi na ico 夢人 】Official Music Video - YouTube - 那屋瓦Nanguaq,,,No,No,Rukai,No,https://www.youtube.com/watch?v=qJcAY_vcr9I,,,,Arase 阿拉斯,Not Started,No
Makav 真愛【embiyax su hug 你好嗎】Official Music Video - YouTube - 那屋瓦Nanguaq,,,No,No,Atayal,No,https://www.youtube.com/watch?v=iqU66VfCqkw,,,,,Not Started,No
Kivi【 macidilj 自己 】Official Music Video - YouTube - 那屋瓦Nanguaq,,,No,No,Paiwan,No,https://www.youtube.com/watch?v=rgyfGzdJLyI,,,,Kivi Pasulivai 吳美婷,Not Started,No
elrg兒路創作藝術工寮 | 相見歌-nanguaq那屋瓦[N.21] - YouTube - 那屋瓦Nanguaq,,,No,No,Truku,No,https://www.youtube.com/watch?v=7FujbrtNRj4,,,,,Not Started,No
張威龍-大地(排灣語創作)-NANGUAQ那屋瓦[N.16] - YouTube - 那屋瓦Nanguaq,,,No,No,Paiwan,No,https://www.youtube.com/watch?v=MZJYBB-Rn4A&list=RDMZJYBB-Rn4A&start_radio=1,,,,張威龍,Not Started,No
pangtre’|馬靖-murkezanga(堅強)-NANGUAQ那屋瓦[N.7] - YouTube - 那屋瓦Nanguaq,,,No,No,Puyuma,No,https://www.youtube.com/watch?v=ajtNKOMgtLg&list=RDajtNKOMgtLg&start_radio=1,,,,pangtre’ 馬靖,Not Started,No
《太魯閣族▲祭祀祖靈古調♫》Taiwanese aborigines 彼得洛．烏嘎 - YouTube - HoHoBa 🍀Love🍀,,,No,No,Truku,No,https://www.youtube.com/watch?v=4uc9PpuOxy4,,,,,Not Started,No
臺灣原住民16族合唱《手牽手》Taiwan indigenous peoples - YouTube - HoHoBa 🍀Love🍀,,,No,No,,No,https://www.youtube.com/watch?v=53fYO2kb3MA,,,,,Not Started,No
Utjung舞炯恩 【Nasi生命／Su Vuvu Aken我是你的孩子】 (Short Film) - YouTube - 59N舞炯恩,,,No,No,Paiwan,No,https://www.youtube.com/watch?v=Mx4VbdBqkxw,,,,Utjung 舞炯恩,Not Started,No
alja' a'en na gadu i 'avulungan (feat. 黃麗貞) - YouTube - 59N舞炯恩,,,No,No,Paiwan,No,https://www.youtube.com/watch?v=mRqmRGMW8Sg,,,,Utjung 舞炯恩,Not Started,No
風的能力者 - Lju li ma 思念 - 桑梅絹 - YouTube - 風的能力者,,,No,No,Paiwan,No,https://www.youtube.com/watch?v=8vPmmyuC47o&t=44s,,,,桑梅絹,Not Started,No
第一代排灣女聲: {吳美婷} 魯凱古調＆我想要回家.創作者:杜花兒 ~原住民族國際音樂節~ - YouTube - 曹瓦特,,,No,No,Rukai,No,https://www.youtube.com/watch?v=ZVdEaWBG-YQ&list=RDZVdEaWBG-YQ&start_radio=1,,,,Kivi Pasulivai 吳美婷,Not Started,No
驚嘆樂舞2021臺灣原住民樂舞饗宴 - Smratux 祭．Toda撥種祭 - YouTube - 臺灣原住民族賽德克族青年會,,,No,No,,No,https://www.youtube.com/watch?v=4jqvjY9WqZw&list=RD4jqvjY9WqZw&start_radio=1,,,,,Not Started,No
『We do SoR』布農族 kulumaha 回家 - YouTube - Martin Chang,,,No,No,Bunun,No,https://www.youtube.com/watch?v=dmhfo57zHXk&list=RDdmhfo57zHXk&start_radio=1,,,,,Not Started,No
Kulumaha回家吧｜布農聖詩 - YouTube - JF 耶式,,,No,No,Bunun,No,https://www.youtube.com/watch?v=hUYPXZgYCT8&list=RDdmhfo57zHXk&index=3,,,,,Not Started,No
DANUVAK|高詩捷-ZEMAWA(分享)-NANGUAQ那屋瓦[N.3] - YouTube - 那屋瓦Nanguaq,,,No,No,Puyuma,No,https://www.youtube.com/watch?v=RdBmJSFBf4s,,,,DANUVAK 高詩捷,Not Started,No
senay za temuaali’an ngangidayan 友誼之歌 - YouTube - Katratripulr・卡大地布部落,,,No,No,Puyuma,No,https://www.youtube.com/watch?v=TgbvU7Ikx4s,,,,DANUVAK 高詩捷,Not Started,No
Balu&grandmother|巴魯＆VUVU–Paiwan ancient ballad(排灣古謠)-NANGUAQ那屋瓦[N.5] - YouTube - 那屋瓦Nanguaq,,,No,No,Paiwan,No,https://www.youtube.com/watch?v=la8bCBofvic,,,,,Not Started,No
【嵐色旋律】2023EP44｜魯凱古謠—Ralhumedane ｜小魯凱｜TOLANSPACE LIVE SHOW｜ - YouTube - LantianMusic Studio嵐天音樂,,,No,No,Rukai,No,https://www.youtube.com/watch?v=OQI1YZI969o&list=RDOQI1YZI969o&start_radio=1,,,,小魯凱,Not Started,No
Kuljelje Tuquljingid|卓亞麥-老米酒Blues-NANGUAQ那屋瓦[N.6] - YouTube - 那屋瓦Nanguaq,,,No,No,Paiwan,No,https://www.youtube.com/watch?v=GKYxuG3Y2Zo,,,,Kuljelje Tuquljingid 卓亞麥,Not Started,No
排灣族大武(富山部落)父子歌手 排灣組曲 - YouTube - Ku ljelje忠雄,,,No,No,Paiwan,Yes,https://www.youtube.com/watch?v=krW5VQxuWrE&list=PL3HSaglqhRM5t_KpYYOCbi0UY9tFh1sfE,,,,,Not Started,No
阿美族歌曲 (那天晚上風的聲音) 檳榔兄弟 - YouTube - 曹瓦特,,,No,No,Amis,No,https://www.youtube.com/watch?v=ty83gKqXnaA&t=41s,,,,檳榔兄弟,Not Started,No
泰雅族民謠 Atayal Folk Song 【Swa I Yan ( Missing You ) 思念】（歐開合唱團 O-Kai Singers Cover) - YouTube - 歐開合唱團O-Kai Singers Official,,,No,No,Atayal,No,https://www.youtube.com/watch?v=G4MfE_ZsYaM&list=RDG4MfE_ZsYaM&start_radio=1,,,,歐開合唱團 O-Kai Singers,Not Started,No
尤勞尤幹-泰雅情歌swa i yan（思念） - YouTube - 尤幹尤勞,,,No,No,Atayal,No,https://www.youtube.com/watch?v=FV7MN6qJjp8&list=RDFV7MN6qJjp8&start_radio=1,,,,尤勞尤幹,Not Started,No
我講台語 Dwagie Feat.Leo王/KE柯蕭/鍾綺Bell/DJ Mr.Gin/阿跨面 - YouTube - 人人有功練,,,No,No,Taigi,No,https://www.youtube.com/watch?v=LzZyFX7Dlg4&list=RDLzZyFX7Dlg4&start_radio=1,,,,,Not Started,No